主题ID,主题名称,关键词,对应行业/概念
,AI云与互动基础设施,人形机器人,人形机器人
,AI云与互动基础设施,减速器,减速器
,AI云与互动基础设施,半导体概念,半导体概念
,AI云与互动基础设施,存储芯片,存储芯片
,AI云与互动基础设施,工业母机,工业母机
,AI云与互动基础设施,特高压,特高压
,AI云与互动基础设施,百元股,百元股
,AI云与互动基础设施,第三代半导体,第三代半导体
,AI互动与陪看体验,人形机器人,人形机器人
,AI互动与陪看体验,减速器,减速器
,AI互动与陪看体验,半导体概念,半导体概念
,AI互动与陪看体验,存储芯片,存储芯片
,AI互动与陪看体验,工业母机,工业母机
,AI互动与陪看体验,特高压,特高压
,AI互动与陪看体验,百元股,百元股
,AI互动与陪看体验,第三代半导体,第三代半导体
,内容共创与数字资产,人形机器人,人形机器人
,内容共创与数字资产,减速器,减速器
,内容共创与数字资产,半导体概念,半导体概念
,内容共创与数字资产,存储芯片,存储芯片
,内容共创与数字资产,工业母机,工业母机
,内容共创与数字资产,特高压,特高压
,内容共创与数字资产,百元股,百元股
,内容共创与数字资产,第三代半导体,第三代半导体
,安全合规与理性参与,人形机器人,人形机器人
,安全合规与理性参与,减速器,减速器
,安全合规与理性参与,半导体概念,半导体概念
,安全合规与理性参与,存储芯片,存储芯片
,安全合规与理性参与,工业母机,工业母机
,安全合规与理性参与,特高压,特高压
,安全合规与理性参与,百元股,百元股
,安全合规与理性参与,第三代半导体,第三代半导体
