ticker,name,concept,industry,description
A0004,STOCK_A0004,AI技术服务,AI技术服务,AI技术服务 主题
A0014,STOCK_A0014,AI技术服务,AI技术服务,AI技术服务 主题
A0024,STOCK_A0024,AI技术服务,AI技术服务,AI技术服务 主题
A0034,STOCK_A0034,AI技术服务,AI技术服务,AI技术服务 主题
A0044,STOCK_A0044,AI技术服务,AI技术服务,AI技术服务 主题
A0054,STOCK_A0054,AI技术服务,AI技术服务,AI技术服务 主题
A0064,STOCK_A0064,AI技术服务,AI技术服务,AI技术服务 主题
A0074,STOCK_A0074,AI技术服务,AI技术服务,AI技术服务 主题
A0084,STOCK_A0084,AI技术服务,AI技术服务,AI技术服务 主题
A0094,STOCK_A0094,AI技术服务,AI技术服务,AI技术服务 主题
A0104,STOCK_A0104,AI技术服务,AI技术服务,AI技术服务 主题
A0114,STOCK_A0114,AI技术服务,AI技术服务,AI技术服务 主题
A0124,STOCK_A0124,AI技术服务,AI技术服务,AI技术服务 主题
A0134,STOCK_A0134,AI技术服务,AI技术服务,AI技术服务 主题
A0144,STOCK_A0144,AI技术服务,AI技术服务,AI技术服务 主题
A0154,STOCK_A0154,AI技术服务,AI技术服务,AI技术服务 主题
A0164,STOCK_A0164,AI技术服务,AI技术服务,AI技术服务 主题
A0174,STOCK_A0174,AI技术服务,AI技术服务,AI技术服务 主题
A0184,STOCK_A0184,AI技术服务,AI技术服务,AI技术服务 主题
A0194,STOCK_A0194,AI技术服务,AI技术服务,AI技术服务 主题
A0204,STOCK_A0204,AI技术服务,AI技术服务,AI技术服务 主题
A0214,STOCK_A0214,AI技术服务,AI技术服务,AI技术服务 主题
A0224,STOCK_A0224,AI技术服务,AI技术服务,AI技术服务 主题
A0234,STOCK_A0234,AI技术服务,AI技术服务,AI技术服务 主题
A0244,STOCK_A0244,AI技术服务,AI技术服务,AI技术服务 主题
A0254,STOCK_A0254,AI技术服务,AI技术服务,AI技术服务 主题
A0264,STOCK_A0264,AI技术服务,AI技术服务,AI技术服务 主题
A0274,STOCK_A0274,AI技术服务,AI技术服务,AI技术服务 主题
A0284,STOCK_A0284,AI技术服务,AI技术服务,AI技术服务 主题
A0294,STOCK_A0294,AI技术服务,AI技术服务,AI技术服务 主题
A0304,STOCK_A0304,AI技术服务,AI技术服务,AI技术服务 主题
A0314,STOCK_A0314,AI技术服务,AI技术服务,AI技术服务 主题
A0324,STOCK_A0324,AI技术服务,AI技术服务,AI技术服务 主题
A0334,STOCK_A0334,AI技术服务,AI技术服务,AI技术服务 主题
A0344,STOCK_A0344,AI技术服务,AI技术服务,AI技术服务 主题
A0354,STOCK_A0354,AI技术服务,AI技术服务,AI技术服务 主题
A0364,STOCK_A0364,AI技术服务,AI技术服务,AI技术服务 主题
A0374,STOCK_A0374,AI技术服务,AI技术服务,AI技术服务 主题
A0384,STOCK_A0384,AI技术服务,AI技术服务,AI技术服务 主题
A0394,STOCK_A0394,AI技术服务,AI技术服务,AI技术服务 主题
A0404,STOCK_A0404,AI技术服务,AI技术服务,AI技术服务 主题
A0414,STOCK_A0414,AI技术服务,AI技术服务,AI技术服务 主题
A0424,STOCK_A0424,AI技术服务,AI技术服务,AI技术服务 主题
A0434,STOCK_A0434,AI技术服务,AI技术服务,AI技术服务 主题
A0444,STOCK_A0444,AI技术服务,AI技术服务,AI技术服务 主题
A0454,STOCK_A0454,AI技术服务,AI技术服务,AI技术服务 主题
A0464,STOCK_A0464,AI技术服务,AI技术服务,AI技术服务 主题
A0474,STOCK_A0474,AI技术服务,AI技术服务,AI技术服务 主题
A0484,STOCK_A0484,AI技术服务,AI技术服务,AI技术服务 主题
A0494,STOCK_A0494,AI技术服务,AI技术服务,AI技术服务 主题
A0002,STOCK_A0002,云计算,云计算,云计算 主题
A0012,STOCK_A0012,云计算,云计算,云计算 主题
A0022,STOCK_A0022,云计算,云计算,云计算 主题
A0032,STOCK_A0032,云计算,云计算,云计算 主题
A0042,STOCK_A0042,云计算,云计算,云计算 主题
A0052,STOCK_A0052,云计算,云计算,云计算 主题
A0062,STOCK_A0062,云计算,云计算,云计算 主题
A0072,STOCK_A0072,云计算,云计算,云计算 主题
A0082,STOCK_A0082,云计算,云计算,云计算 主题
A0092,STOCK_A0092,云计算,云计算,云计算 主题
A0102,STOCK_A0102,云计算,云计算,云计算 主题
A0112,STOCK_A0112,云计算,云计算,云计算 主题
A0122,STOCK_A0122,云计算,云计算,云计算 主题
A0132,STOCK_A0132,云计算,云计算,云计算 主题
A0142,STOCK_A0142,云计算,云计算,云计算 主题
A0152,STOCK_A0152,云计算,云计算,云计算 主题
A0162,STOCK_A0162,云计算,云计算,云计算 主题
A0172,STOCK_A0172,云计算,云计算,云计算 主题
A0182,STOCK_A0182,云计算,云计算,云计算 主题
A0192,STOCK_A0192,云计算,云计算,云计算 主题
A0202,STOCK_A0202,云计算,云计算,云计算 主题
A0212,STOCK_A0212,云计算,云计算,云计算 主题
A0222,STOCK_A0222,云计算,云计算,云计算 主题
A0232,STOCK_A0232,云计算,云计算,云计算 主题
A0242,STOCK_A0242,云计算,云计算,云计算 主题
A0252,STOCK_A0252,云计算,云计算,云计算 主题
A0262,STOCK_A0262,云计算,云计算,云计算 主题
A0272,STOCK_A0272,云计算,云计算,云计算 主题
A0282,STOCK_A0282,云计算,云计算,云计算 主题
A0292,STOCK_A0292,云计算,云计算,云计算 主题
A0302,STOCK_A0302,云计算,云计算,云计算 主题
A0312,STOCK_A0312,云计算,云计算,云计算 主题
A0322,STOCK_A0322,云计算,云计算,云计算 主题
A0332,STOCK_A0332,云计算,云计算,云计算 主题
A0342,STOCK_A0342,云计算,云计算,云计算 主题
A0352,STOCK_A0352,云计算,云计算,云计算 主题
A0362,STOCK_A0362,云计算,云计算,云计算 主题
A0372,STOCK_A0372,云计算,云计算,云计算 主题
A0382,STOCK_A0382,云计算,云计算,云计算 主题
A0392,STOCK_A0392,云计算,云计算,云计算 主题
A0402,STOCK_A0402,云计算,云计算,云计算 主题
A0412,STOCK_A0412,云计算,云计算,云计算 主题
A0422,STOCK_A0422,云计算,云计算,云计算 主题
A0432,STOCK_A0432,云计算,云计算,云计算 主题
A0442,STOCK_A0442,云计算,云计算,云计算 主题
A0452,STOCK_A0452,云计算,云计算,云计算 主题
A0462,STOCK_A0462,云计算,云计算,云计算 主题
A0472,STOCK_A0472,云计算,云计算,云计算 主题
A0482,STOCK_A0482,云计算,云计算,云计算 主题
A0492,STOCK_A0492,云计算,云计算,云计算 主题
A0007,STOCK_A0007,人工智能应用,人工智能应用,人工智能应用 主题
A0017,STOCK_A0017,人工智能应用,人工智能应用,人工智能应用 主题
A0027,STOCK_A0027,人工智能应用,人工智能应用,人工智能应用 主题
A0037,STOCK_A0037,人工智能应用,人工智能应用,人工智能应用 主题
A0047,STOCK_A0047,人工智能应用,人工智能应用,人工智能应用 主题
A0057,STOCK_A0057,人工智能应用,人工智能应用,人工智能应用 主题
A0067,STOCK_A0067,人工智能应用,人工智能应用,人工智能应用 主题
A0077,STOCK_A0077,人工智能应用,人工智能应用,人工智能应用 主题
A0087,STOCK_A0087,人工智能应用,人工智能应用,人工智能应用 主题
A0097,STOCK_A0097,人工智能应用,人工智能应用,人工智能应用 主题
A0107,STOCK_A0107,人工智能应用,人工智能应用,人工智能应用 主题
A0117,STOCK_A0117,人工智能应用,人工智能应用,人工智能应用 主题
A0127,STOCK_A0127,人工智能应用,人工智能应用,人工智能应用 主题
A0137,STOCK_A0137,人工智能应用,人工智能应用,人工智能应用 主题
A0147,STOCK_A0147,人工智能应用,人工智能应用,人工智能应用 主题
A0157,STOCK_A0157,人工智能应用,人工智能应用,人工智能应用 主题
A0167,STOCK_A0167,人工智能应用,人工智能应用,人工智能应用 主题
A0177,STOCK_A0177,人工智能应用,人工智能应用,人工智能应用 主题
A0187,STOCK_A0187,人工智能应用,人工智能应用,人工智能应用 主题
A0197,STOCK_A0197,人工智能应用,人工智能应用,人工智能应用 主题
A0207,STOCK_A0207,人工智能应用,人工智能应用,人工智能应用 主题
A0217,STOCK_A0217,人工智能应用,人工智能应用,人工智能应用 主题
A0227,STOCK_A0227,人工智能应用,人工智能应用,人工智能应用 主题
A0237,STOCK_A0237,人工智能应用,人工智能应用,人工智能应用 主题
A0247,STOCK_A0247,人工智能应用,人工智能应用,人工智能应用 主题
A0257,STOCK_A0257,人工智能应用,人工智能应用,人工智能应用 主题
A0267,STOCK_A0267,人工智能应用,人工智能应用,人工智能应用 主题
A0277,STOCK_A0277,人工智能应用,人工智能应用,人工智能应用 主题
A0287,STOCK_A0287,人工智能应用,人工智能应用,人工智能应用 主题
A0297,STOCK_A0297,人工智能应用,人工智能应用,人工智能应用 主题
A0307,STOCK_A0307,人工智能应用,人工智能应用,人工智能应用 主题
A0317,STOCK_A0317,人工智能应用,人工智能应用,人工智能应用 主题
A0327,STOCK_A0327,人工智能应用,人工智能应用,人工智能应用 主题
A0337,STOCK_A0337,人工智能应用,人工智能应用,人工智能应用 主题
A0347,STOCK_A0347,人工智能应用,人工智能应用,人工智能应用 主题
A0357,STOCK_A0357,人工智能应用,人工智能应用,人工智能应用 主题
A0367,STOCK_A0367,人工智能应用,人工智能应用,人工智能应用 主题
A0377,STOCK_A0377,人工智能应用,人工智能应用,人工智能应用 主题
A0387,STOCK_A0387,人工智能应用,人工智能应用,人工智能应用 主题
A0397,STOCK_A0397,人工智能应用,人工智能应用,人工智能应用 主题
A0407,STOCK_A0407,人工智能应用,人工智能应用,人工智能应用 主题
A0417,STOCK_A0417,人工智能应用,人工智能应用,人工智能应用 主题
A0427,STOCK_A0427,人工智能应用,人工智能应用,人工智能应用 主题
A0437,STOCK_A0437,人工智能应用,人工智能应用,人工智能应用 主题
A0447,STOCK_A0447,人工智能应用,人工智能应用,人工智能应用 主题
A0457,STOCK_A0457,人工智能应用,人工智能应用,人工智能应用 主题
A0467,STOCK_A0467,人工智能应用,人工智能应用,人工智能应用 主题
A0477,STOCK_A0477,人工智能应用,人工智能应用,人工智能应用 主题
A0487,STOCK_A0487,人工智能应用,人工智能应用,人工智能应用 主题
A0497,STOCK_A0497,人工智能应用,人工智能应用,人工智能应用 主题
A0009,STOCK_A0009,实时互动传媒,实时互动传媒,实时互动传媒 主题
A0019,STOCK_A0019,实时互动传媒,实时互动传媒,实时互动传媒 主题
A0029,STOCK_A0029,实时互动传媒,实时互动传媒,实时互动传媒 主题
A0039,STOCK_A0039,实时互动传媒,实时互动传媒,实时互动传媒 主题
A0049,STOCK_A0049,实时互动传媒,实时互动传媒,实时互动传媒 主题
A0059,STOCK_A0059,实时互动传媒,实时互动传媒,实时互动传媒 主题
A0069,STOCK_A0069,实时互动传媒,实时互动传媒,实时互动传媒 主题
A0079,STOCK_A0079,实时互动传媒,实时互动传媒,实时互动传媒 主题
A0089,STOCK_A0089,实时互动传媒,实时互动传媒,实时互动传媒 主题
A0099,STOCK_A0099,实时互动传媒,实时互动传媒,实时互动传媒 主题
A0109,STOCK_A0109,实时互动传媒,实时互动传媒,实时互动传媒 主题
A0119,STOCK_A0119,实时互动传媒,实时互动传媒,实时互动传媒 主题
A0129,STOCK_A0129,实时互动传媒,实时互动传媒,实时互动传媒 主题
A0139,STOCK_A0139,实时互动传媒,实时互动传媒,实时互动传媒 主题
A0149,STOCK_A0149,实时互动传媒,实时互动传媒,实时互动传媒 主题
A0159,STOCK_A0159,实时互动传媒,实时互动传媒,实时互动传媒 主题
A0169,STOCK_A0169,实时互动传媒,实时互动传媒,实时互动传媒 主题
A0179,STOCK_A0179,实时互动传媒,实时互动传媒,实时互动传媒 主题
A0189,STOCK_A0189,实时互动传媒,实时互动传媒,实时互动传媒 主题
A0199,STOCK_A0199,实时互动传媒,实时互动传媒,实时互动传媒 主题
A0209,STOCK_A0209,实时互动传媒,实时互动传媒,实时互动传媒 主题
A0219,STOCK_A0219,实时互动传媒,实时互动传媒,实时互动传媒 主题
A0229,STOCK_A0229,实时互动传媒,实时互动传媒,实时互动传媒 主题
A0239,STOCK_A0239,实时互动传媒,实时互动传媒,实时互动传媒 主题
A0249,STOCK_A0249,实时互动传媒,实时互动传媒,实时互动传媒 主题
A0259,STOCK_A0259,实时互动传媒,实时互动传媒,实时互动传媒 主题
A0269,STOCK_A0269,实时互动传媒,实时互动传媒,实时互动传媒 主题
A0279,STOCK_A0279,实时互动传媒,实时互动传媒,实时互动传媒 主题
A0289,STOCK_A0289,实时互动传媒,实时互动传媒,实时互动传媒 主题
A0299,STOCK_A0299,实时互动传媒,实时互动传媒,实时互动传媒 主题
A0309,STOCK_A0309,实时互动传媒,实时互动传媒,实时互动传媒 主题
A0319,STOCK_A0319,实时互动传媒,实时互动传媒,实时互动传媒 主题
A0329,STOCK_A0329,实时互动传媒,实时互动传媒,实时互动传媒 主题
A0339,STOCK_A0339,实时互动传媒,实时互动传媒,实时互动传媒 主题
A0349,STOCK_A0349,实时互动传媒,实时互动传媒,实时互动传媒 主题
A0359,STOCK_A0359,实时互动传媒,实时互动传媒,实时互动传媒 主题
A0369,STOCK_A0369,实时互动传媒,实时互动传媒,实时互动传媒 主题
A0379,STOCK_A0379,实时互动传媒,实时互动传媒,实时互动传媒 主题
A0389,STOCK_A0389,实时互动传媒,实时互动传媒,实时互动传媒 主题
A0399,STOCK_A0399,实时互动传媒,实时互动传媒,实时互动传媒 主题
A0409,STOCK_A0409,实时互动传媒,实时互动传媒,实时互动传媒 主题
A0419,STOCK_A0419,实时互动传媒,实时互动传媒,实时互动传媒 主题
A0429,STOCK_A0429,实时互动传媒,实时互动传媒,实时互动传媒 主题
A0439,STOCK_A0439,实时互动传媒,实时互动传媒,实时互动传媒 主题
A0449,STOCK_A0449,实时互动传媒,实时互动传媒,实时互动传媒 主题
A0459,STOCK_A0459,实时互动传媒,实时互动传媒,实时互动传媒 主题
A0469,STOCK_A0469,实时互动传媒,实时互动传媒,实时互动传媒 主题
A0479,STOCK_A0479,实时互动传媒,实时互动传媒,实时互动传媒 主题
A0489,STOCK_A0489,实时互动传媒,实时互动传媒,实时互动传媒 主题
A0499,STOCK_A0499,实时互动传媒,实时互动传媒,实时互动传媒 主题
A0001,STOCK_A0001,对应行业/概念,对应行业/概念,对应行业/概念 主题
A0011,STOCK_A0011,对应行业/概念,对应行业/概念,对应行业/概念 主题
A0021,STOCK_A0021,对应行业/概念,对应行业/概念,对应行业/概念 主题
A0031,STOCK_A0031,对应行业/概念,对应行业/概念,对应行业/概念 主题
A0041,STOCK_A0041,对应行业/概念,对应行业/概念,对应行业/概念 主题
A0051,STOCK_A0051,对应行业/概念,对应行业/概念,对应行业/概念 主题
A0061,STOCK_A0061,对应行业/概念,对应行业/概念,对应行业/概念 主题
A0071,STOCK_A0071,对应行业/概念,对应行业/概念,对应行业/概念 主题
A0081,STOCK_A0081,对应行业/概念,对应行业/概念,对应行业/概念 主题
A0091,STOCK_A0091,对应行业/概念,对应行业/概念,对应行业/概念 主题
A0101,STOCK_A0101,对应行业/概念,对应行业/概念,对应行业/概念 主题
A0111,STOCK_A0111,对应行业/概念,对应行业/概念,对应行业/概念 主题
A0121,STOCK_A0121,对应行业/概念,对应行业/概念,对应行业/概念 主题
A0131,STOCK_A0131,对应行业/概念,对应行业/概念,对应行业/概念 主题
A0141,STOCK_A0141,对应行业/概念,对应行业/概念,对应行业/概念 主题
A0151,STOCK_A0151,对应行业/概念,对应行业/概念,对应行业/概念 主题
A0161,STOCK_A0161,对应行业/概念,对应行业/概念,对应行业/概念 主题
A0171,STOCK_A0171,对应行业/概念,对应行业/概念,对应行业/概念 主题
A0181,STOCK_A0181,对应行业/概念,对应行业/概念,对应行业/概念 主题
A0191,STOCK_A0191,对应行业/概念,对应行业/概念,对应行业/概念 主题
A0201,STOCK_A0201,对应行业/概念,对应行业/概念,对应行业/概念 主题
A0211,STOCK_A0211,对应行业/概念,对应行业/概念,对应行业/概念 主题
A0221,STOCK_A0221,对应行业/概念,对应行业/概念,对应行业/概念 主题
A0231,STOCK_A0231,对应行业/概念,对应行业/概念,对应行业/概念 主题
A0241,STOCK_A0241,对应行业/概念,对应行业/概念,对应行业/概念 主题
A0251,STOCK_A0251,对应行业/概念,对应行业/概念,对应行业/概念 主题
A0261,STOCK_A0261,对应行业/概念,对应行业/概念,对应行业/概念 主题
A0271,STOCK_A0271,对应行业/概念,对应行业/概念,对应行业/概念 主题
A0281,STOCK_A0281,对应行业/概念,对应行业/概念,对应行业/概念 主题
A0291,STOCK_A0291,对应行业/概念,对应行业/概念,对应行业/概念 主题
A0301,STOCK_A0301,对应行业/概念,对应行业/概念,对应行业/概念 主题
A0311,STOCK_A0311,对应行业/概念,对应行业/概念,对应行业/概念 主题
A0321,STOCK_A0321,对应行业/概念,对应行业/概念,对应行业/概念 主题
A0331,STOCK_A0331,对应行业/概念,对应行业/概念,对应行业/概念 主题
A0341,STOCK_A0341,对应行业/概念,对应行业/概念,对应行业/概念 主题
A0351,STOCK_A0351,对应行业/概念,对应行业/概念,对应行业/概念 主题
A0361,STOCK_A0361,对应行业/概念,对应行业/概念,对应行业/概念 主题
A0371,STOCK_A0371,对应行业/概念,对应行业/概念,对应行业/概念 主题
A0381,STOCK_A0381,对应行业/概念,对应行业/概念,对应行业/概念 主题
A0391,STOCK_A0391,对应行业/概念,对应行业/概念,对应行业/概念 主题
A0401,STOCK_A0401,对应行业/概念,对应行业/概念,对应行业/概念 主题
A0411,STOCK_A0411,对应行业/概念,对应行业/概念,对应行业/概念 主题
A0421,STOCK_A0421,对应行业/概念,对应行业/概念,对应行业/概念 主题
A0431,STOCK_A0431,对应行业/概念,对应行业/概念,对应行业/概念 主题
A0441,STOCK_A0441,对应行业/概念,对应行业/概念,对应行业/概念 主题
A0451,STOCK_A0451,对应行业/概念,对应行业/概念,对应行业/概念 主题
A0461,STOCK_A0461,对应行业/概念,对应行业/概念,对应行业/概念 主题
A0471,STOCK_A0471,对应行业/概念,对应行业/概念,对应行业/概念 主题
A0481,STOCK_A0481,对应行业/概念,对应行业/概念,对应行业/概念 主题
A0491,STOCK_A0491,对应行业/概念,对应行业/概念,对应行业/概念 主题
A0005,STOCK_A0005,直播技术服务,直播技术服务,直播技术服务 主题
A0015,STOCK_A0015,直播技术服务,直播技术服务,直播技术服务 主题
A0025,STOCK_A0025,直播技术服务,直播技术服务,直播技术服务 主题
A0035,STOCK_A0035,直播技术服务,直播技术服务,直播技术服务 主题
A0045,STOCK_A0045,直播技术服务,直播技术服务,直播技术服务 主题
A0055,STOCK_A0055,直播技术服务,直播技术服务,直播技术服务 主题
A0065,STOCK_A0065,直播技术服务,直播技术服务,直播技术服务 主题
A0075,STOCK_A0075,直播技术服务,直播技术服务,直播技术服务 主题
A0085,STOCK_A0085,直播技术服务,直播技术服务,直播技术服务 主题
A0095,STOCK_A0095,直播技术服务,直播技术服务,直播技术服务 主题
A0105,STOCK_A0105,直播技术服务,直播技术服务,直播技术服务 主题
A0115,STOCK_A0115,直播技术服务,直播技术服务,直播技术服务 主题
A0125,STOCK_A0125,直播技术服务,直播技术服务,直播技术服务 主题
A0135,STOCK_A0135,直播技术服务,直播技术服务,直播技术服务 主题
A0145,STOCK_A0145,直播技术服务,直播技术服务,直播技术服务 主题
A0155,STOCK_A0155,直播技术服务,直播技术服务,直播技术服务 主题
A0165,STOCK_A0165,直播技术服务,直播技术服务,直播技术服务 主题
A0175,STOCK_A0175,直播技术服务,直播技术服务,直播技术服务 主题
A0185,STOCK_A0185,直播技术服务,直播技术服务,直播技术服务 主题
A0195,STOCK_A0195,直播技术服务,直播技术服务,直播技术服务 主题
A0205,STOCK_A0205,直播技术服务,直播技术服务,直播技术服务 主题
A0215,STOCK_A0215,直播技术服务,直播技术服务,直播技术服务 主题
A0225,STOCK_A0225,直播技术服务,直播技术服务,直播技术服务 主题
A0235,STOCK_A0235,直播技术服务,直播技术服务,直播技术服务 主题
A0245,STOCK_A0245,直播技术服务,直播技术服务,直播技术服务 主题
A0255,STOCK_A0255,直播技术服务,直播技术服务,直播技术服务 主题
A0265,STOCK_A0265,直播技术服务,直播技术服务,直播技术服务 主题
A0275,STOCK_A0275,直播技术服务,直播技术服务,直播技术服务 主题
A0285,STOCK_A0285,直播技术服务,直播技术服务,直播技术服务 主题
A0295,STOCK_A0295,直播技术服务,直播技术服务,直播技术服务 主题
A0305,STOCK_A0305,直播技术服务,直播技术服务,直播技术服务 主题
A0315,STOCK_A0315,直播技术服务,直播技术服务,直播技术服务 主题
A0325,STOCK_A0325,直播技术服务,直播技术服务,直播技术服务 主题
A0335,STOCK_A0335,直播技术服务,直播技术服务,直播技术服务 主题
A0345,STOCK_A0345,直播技术服务,直播技术服务,直播技术服务 主题
A0355,STOCK_A0355,直播技术服务,直播技术服务,直播技术服务 主题
A0365,STOCK_A0365,直播技术服务,直播技术服务,直播技术服务 主题
A0375,STOCK_A0375,直播技术服务,直播技术服务,直播技术服务 主题
A0385,STOCK_A0385,直播技术服务,直播技术服务,直播技术服务 主题
A0395,STOCK_A0395,直播技术服务,直播技术服务,直播技术服务 主题
A0405,STOCK_A0405,直播技术服务,直播技术服务,直播技术服务 主题
A0415,STOCK_A0415,直播技术服务,直播技术服务,直播技术服务 主题
A0425,STOCK_A0425,直播技术服务,直播技术服务,直播技术服务 主题
A0435,STOCK_A0435,直播技术服务,直播技术服务,直播技术服务 主题
A0445,STOCK_A0445,直播技术服务,直播技术服务,直播技术服务 主题
A0455,STOCK_A0455,直播技术服务,直播技术服务,直播技术服务 主题
A0465,STOCK_A0465,直播技术服务,直播技术服务,直播技术服务 主题
A0475,STOCK_A0475,直播技术服务,直播技术服务,直播技术服务 主题
A0485,STOCK_A0485,直播技术服务,直播技术服务,直播技术服务 主题
A0495,STOCK_A0495,直播技术服务,直播技术服务,直播技术服务 主题
A0006,STOCK_A0006,算力网络,算力网络,算力网络 主题
A0016,STOCK_A0016,算力网络,算力网络,算力网络 主题
A0026,STOCK_A0026,算力网络,算力网络,算力网络 主题
A0036,STOCK_A0036,算力网络,算力网络,算力网络 主题
A0046,STOCK_A0046,算力网络,算力网络,算力网络 主题
A0056,STOCK_A0056,算力网络,算力网络,算力网络 主题
A0066,STOCK_A0066,算力网络,算力网络,算力网络 主题
A0076,STOCK_A0076,算力网络,算力网络,算力网络 主题
A0086,STOCK_A0086,算力网络,算力网络,算力网络 主题
A0096,STOCK_A0096,算力网络,算力网络,算力网络 主题
A0106,STOCK_A0106,算力网络,算力网络,算力网络 主题
A0116,STOCK_A0116,算力网络,算力网络,算力网络 主题
A0126,STOCK_A0126,算力网络,算力网络,算力网络 主题
A0136,STOCK_A0136,算力网络,算力网络,算力网络 主题
A0146,STOCK_A0146,算力网络,算力网络,算力网络 主题
A0156,STOCK_A0156,算力网络,算力网络,算力网络 主题
A0166,STOCK_A0166,算力网络,算力网络,算力网络 主题
A0176,STOCK_A0176,算力网络,算力网络,算力网络 主题
A0186,STOCK_A0186,算力网络,算力网络,算力网络 主题
A0196,STOCK_A0196,算力网络,算力网络,算力网络 主题
A0206,STOCK_A0206,算力网络,算力网络,算力网络 主题
A0216,STOCK_A0216,算力网络,算力网络,算力网络 主题
A0226,STOCK_A0226,算力网络,算力网络,算力网络 主题
A0236,STOCK_A0236,算力网络,算力网络,算力网络 主题
A0246,STOCK_A0246,算力网络,算力网络,算力网络 主题
A0256,STOCK_A0256,算力网络,算力网络,算力网络 主题
A0266,STOCK_A0266,算力网络,算力网络,算力网络 主题
A0276,STOCK_A0276,算力网络,算力网络,算力网络 主题
A0286,STOCK_A0286,算力网络,算力网络,算力网络 主题
A0296,STOCK_A0296,算力网络,算力网络,算力网络 主题
A0306,STOCK_A0306,算力网络,算力网络,算力网络 主题
A0316,STOCK_A0316,算力网络,算力网络,算力网络 主题
A0326,STOCK_A0326,算力网络,算力网络,算力网络 主题
A0336,STOCK_A0336,算力网络,算力网络,算力网络 主题
A0346,STOCK_A0346,算力网络,算力网络,算力网络 主题
A0356,STOCK_A0356,算力网络,算力网络,算力网络 主题
A0366,STOCK_A0366,算力网络,算力网络,算力网络 主题
A0376,STOCK_A0376,算力网络,算力网络,算力网络 主题
A0386,STOCK_A0386,算力网络,算力网络,算力网络 主题
A0396,STOCK_A0396,算力网络,算力网络,算力网络 主题
A0406,STOCK_A0406,算力网络,算力网络,算力网络 主题
A0416,STOCK_A0416,算力网络,算力网络,算力网络 主题
A0426,STOCK_A0426,算力网络,算力网络,算力网络 主题
A0436,STOCK_A0436,算力网络,算力网络,算力网络 主题
A0446,STOCK_A0446,算力网络,算力网络,算力网络 主题
A0456,STOCK_A0456,算力网络,算力网络,算力网络 主题
A0466,STOCK_A0466,算力网络,算力网络,算力网络 主题
A0476,STOCK_A0476,算力网络,算力网络,算力网络 主题
A0486,STOCK_A0486,算力网络,算力网络,算力网络 主题
A0496,STOCK_A0496,算力网络,算力网络,算力网络 主题
A0010,STOCK_A0010,翻译服务,翻译服务,翻译服务 主题
A0020,STOCK_A0020,翻译服务,翻译服务,翻译服务 主题
A0030,STOCK_A0030,翻译服务,翻译服务,翻译服务 主题
A0040,STOCK_A0040,翻译服务,翻译服务,翻译服务 主题
A0050,STOCK_A0050,翻译服务,翻译服务,翻译服务 主题
A0060,STOCK_A0060,翻译服务,翻译服务,翻译服务 主题
A0070,STOCK_A0070,翻译服务,翻译服务,翻译服务 主题
A0080,STOCK_A0080,翻译服务,翻译服务,翻译服务 主题
A0090,STOCK_A0090,翻译服务,翻译服务,翻译服务 主题
A0100,STOCK_A0100,翻译服务,翻译服务,翻译服务 主题
A0110,STOCK_A0110,翻译服务,翻译服务,翻译服务 主题
A0120,STOCK_A0120,翻译服务,翻译服务,翻译服务 主题
A0130,STOCK_A0130,翻译服务,翻译服务,翻译服务 主题
A0140,STOCK_A0140,翻译服务,翻译服务,翻译服务 主题
A0150,STOCK_A0150,翻译服务,翻译服务,翻译服务 主题
A0160,STOCK_A0160,翻译服务,翻译服务,翻译服务 主题
A0170,STOCK_A0170,翻译服务,翻译服务,翻译服务 主题
A0180,STOCK_A0180,翻译服务,翻译服务,翻译服务 主题
A0190,STOCK_A0190,翻译服务,翻译服务,翻译服务 主题
A0200,STOCK_A0200,翻译服务,翻译服务,翻译服务 主题
A0210,STOCK_A0210,翻译服务,翻译服务,翻译服务 主题
A0220,STOCK_A0220,翻译服务,翻译服务,翻译服务 主题
A0230,STOCK_A0230,翻译服务,翻译服务,翻译服务 主题
A0240,STOCK_A0240,翻译服务,翻译服务,翻译服务 主题
A0250,STOCK_A0250,翻译服务,翻译服务,翻译服务 主题
A0260,STOCK_A0260,翻译服务,翻译服务,翻译服务 主题
A0270,STOCK_A0270,翻译服务,翻译服务,翻译服务 主题
A0280,STOCK_A0280,翻译服务,翻译服务,翻译服务 主题
A0290,STOCK_A0290,翻译服务,翻译服务,翻译服务 主题
A0300,STOCK_A0300,翻译服务,翻译服务,翻译服务 主题
A0310,STOCK_A0310,翻译服务,翻译服务,翻译服务 主题
A0320,STOCK_A0320,翻译服务,翻译服务,翻译服务 主题
A0330,STOCK_A0330,翻译服务,翻译服务,翻译服务 主题
A0340,STOCK_A0340,翻译服务,翻译服务,翻译服务 主题
A0350,STOCK_A0350,翻译服务,翻译服务,翻译服务 主题
A0360,STOCK_A0360,翻译服务,翻译服务,翻译服务 主题
A0370,STOCK_A0370,翻译服务,翻译服务,翻译服务 主题
A0380,STOCK_A0380,翻译服务,翻译服务,翻译服务 主题
A0390,STOCK_A0390,翻译服务,翻译服务,翻译服务 主题
A0400,STOCK_A0400,翻译服务,翻译服务,翻译服务 主题
A0410,STOCK_A0410,翻译服务,翻译服务,翻译服务 主题
A0420,STOCK_A0420,翻译服务,翻译服务,翻译服务 主题
A0430,STOCK_A0430,翻译服务,翻译服务,翻译服务 主题
A0440,STOCK_A0440,翻译服务,翻译服务,翻译服务 主题
A0450,STOCK_A0450,翻译服务,翻译服务,翻译服务 主题
A0460,STOCK_A0460,翻译服务,翻译服务,翻译服务 主题
A0470,STOCK_A0470,翻译服务,翻译服务,翻译服务 主题
A0480,STOCK_A0480,翻译服务,翻译服务,翻译服务 主题
A0490,STOCK_A0490,翻译服务,翻译服务,翻译服务 主题
A0500,STOCK_A0500,翻译服务,翻译服务,翻译服务 主题
A0008,STOCK_A0008,语音交互技术,语音交互技术,语音交互技术 主题
A0018,STOCK_A0018,语音交互技术,语音交互技术,语音交互技术 主题
A0028,STOCK_A0028,语音交互技术,语音交互技术,语音交互技术 主题
A0038,STOCK_A0038,语音交互技术,语音交互技术,语音交互技术 主题
A0048,STOCK_A0048,语音交互技术,语音交互技术,语音交互技术 主题
A0058,STOCK_A0058,语音交互技术,语音交互技术,语音交互技术 主题
A0068,STOCK_A0068,语音交互技术,语音交互技术,语音交互技术 主题
A0078,STOCK_A0078,语音交互技术,语音交互技术,语音交互技术 主题
A0088,STOCK_A0088,语音交互技术,语音交互技术,语音交互技术 主题
A0098,STOCK_A0098,语音交互技术,语音交互技术,语音交互技术 主题
A0108,STOCK_A0108,语音交互技术,语音交互技术,语音交互技术 主题
A0118,STOCK_A0118,语音交互技术,语音交互技术,语音交互技术 主题
A0128,STOCK_A0128,语音交互技术,语音交互技术,语音交互技术 主题
A0138,STOCK_A0138,语音交互技术,语音交互技术,语音交互技术 主题
A0148,STOCK_A0148,语音交互技术,语音交互技术,语音交互技术 主题
A0158,STOCK_A0158,语音交互技术,语音交互技术,语音交互技术 主题
A0168,STOCK_A0168,语音交互技术,语音交互技术,语音交互技术 主题
A0178,STOCK_A0178,语音交互技术,语音交互技术,语音交互技术 主题
A0188,STOCK_A0188,语音交互技术,语音交互技术,语音交互技术 主题
A0198,STOCK_A0198,语音交互技术,语音交互技术,语音交互技术 主题
A0208,STOCK_A0208,语音交互技术,语音交互技术,语音交互技术 主题
A0218,STOCK_A0218,语音交互技术,语音交互技术,语音交互技术 主题
A0228,STOCK_A0228,语音交互技术,语音交互技术,语音交互技术 主题
A0238,STOCK_A0238,语音交互技术,语音交互技术,语音交互技术 主题
A0248,STOCK_A0248,语音交互技术,语音交互技术,语音交互技术 主题
A0258,STOCK_A0258,语音交互技术,语音交互技术,语音交互技术 主题
A0268,STOCK_A0268,语音交互技术,语音交互技术,语音交互技术 主题
A0278,STOCK_A0278,语音交互技术,语音交互技术,语音交互技术 主题
A0288,STOCK_A0288,语音交互技术,语音交互技术,语音交互技术 主题
A0298,STOCK_A0298,语音交互技术,语音交互技术,语音交互技术 主题
A0308,STOCK_A0308,语音交互技术,语音交互技术,语音交互技术 主题
A0318,STOCK_A0318,语音交互技术,语音交互技术,语音交互技术 主题
A0328,STOCK_A0328,语音交互技术,语音交互技术,语音交互技术 主题
A0338,STOCK_A0338,语音交互技术,语音交互技术,语音交互技术 主题
A0348,STOCK_A0348,语音交互技术,语音交互技术,语音交互技术 主题
A0358,STOCK_A0358,语音交互技术,语音交互技术,语音交互技术 主题
A0368,STOCK_A0368,语音交互技术,语音交互技术,语音交互技术 主题
A0378,STOCK_A0378,语音交互技术,语音交互技术,语音交互技术 主题
A0388,STOCK_A0388,语音交互技术,语音交互技术,语音交互技术 主题
A0398,STOCK_A0398,语音交互技术,语音交互技术,语音交互技术 主题
A0408,STOCK_A0408,语音交互技术,语音交互技术,语音交互技术 主题
A0418,STOCK_A0418,语音交互技术,语音交互技术,语音交互技术 主题
A0428,STOCK_A0428,语音交互技术,语音交互技术,语音交互技术 主题
A0438,STOCK_A0438,语音交互技术,语音交互技术,语音交互技术 主题
A0448,STOCK_A0448,语音交互技术,语音交互技术,语音交互技术 主题
A0458,STOCK_A0458,语音交互技术,语音交互技术,语音交互技术 主题
A0468,STOCK_A0468,语音交互技术,语音交互技术,语音交互技术 主题
A0478,STOCK_A0478,语音交互技术,语音交互技术,语音交互技术 主题
A0488,STOCK_A0488,语音交互技术,语音交互技术,语音交互技术 主题
A0498,STOCK_A0498,语音交互技术,语音交互技术,语音交互技术 主题
A0003,STOCK_A0003,超高清视频产业,超高清视频产业,超高清视频产业 主题
A0013,STOCK_A0013,超高清视频产业,超高清视频产业,超高清视频产业 主题
A0023,STOCK_A0023,超高清视频产业,超高清视频产业,超高清视频产业 主题
A0033,STOCK_A0033,超高清视频产业,超高清视频产业,超高清视频产业 主题
A0043,STOCK_A0043,超高清视频产业,超高清视频产业,超高清视频产业 主题
A0053,STOCK_A0053,超高清视频产业,超高清视频产业,超高清视频产业 主题
A0063,STOCK_A0063,超高清视频产业,超高清视频产业,超高清视频产业 主题
A0073,STOCK_A0073,超高清视频产业,超高清视频产业,超高清视频产业 主题
A0083,STOCK_A0083,超高清视频产业,超高清视频产业,超高清视频产业 主题
A0093,STOCK_A0093,超高清视频产业,超高清视频产业,超高清视频产业 主题
A0103,STOCK_A0103,超高清视频产业,超高清视频产业,超高清视频产业 主题
A0113,STOCK_A0113,超高清视频产业,超高清视频产业,超高清视频产业 主题
A0123,STOCK_A0123,超高清视频产业,超高清视频产业,超高清视频产业 主题
A0133,STOCK_A0133,超高清视频产业,超高清视频产业,超高清视频产业 主题
A0143,STOCK_A0143,超高清视频产业,超高清视频产业,超高清视频产业 主题
A0153,STOCK_A0153,超高清视频产业,超高清视频产业,超高清视频产业 主题
A0163,STOCK_A0163,超高清视频产业,超高清视频产业,超高清视频产业 主题
A0173,STOCK_A0173,超高清视频产业,超高清视频产业,超高清视频产业 主题
A0183,STOCK_A0183,超高清视频产业,超高清视频产业,超高清视频产业 主题
A0193,STOCK_A0193,超高清视频产业,超高清视频产业,超高清视频产业 主题
A0203,STOCK_A0203,超高清视频产业,超高清视频产业,超高清视频产业 主题
A0213,STOCK_A0213,超高清视频产业,超高清视频产业,超高清视频产业 主题
A0223,STOCK_A0223,超高清视频产业,超高清视频产业,超高清视频产业 主题
A0233,STOCK_A0233,超高清视频产业,超高清视频产业,超高清视频产业 主题
A0243,STOCK_A0243,超高清视频产业,超高清视频产业,超高清视频产业 主题
A0253,STOCK_A0253,超高清视频产业,超高清视频产业,超高清视频产业 主题
A0263,STOCK_A0263,超高清视频产业,超高清视频产业,超高清视频产业 主题
A0273,STOCK_A0273,超高清视频产业,超高清视频产业,超高清视频产业 主题
A0283,STOCK_A0283,超高清视频产业,超高清视频产业,超高清视频产业 主题
A0293,STOCK_A0293,超高清视频产业,超高清视频产业,超高清视频产业 主题
A0303,STOCK_A0303,超高清视频产业,超高清视频产业,超高清视频产业 主题
A0313,STOCK_A0313,超高清视频产业,超高清视频产业,超高清视频产业 主题
A0323,STOCK_A0323,超高清视频产业,超高清视频产业,超高清视频产业 主题
A0333,STOCK_A0333,超高清视频产业,超高清视频产业,超高清视频产业 主题
A0343,STOCK_A0343,超高清视频产业,超高清视频产业,超高清视频产业 主题
A0353,STOCK_A0353,超高清视频产业,超高清视频产业,超高清视频产业 主题
A0363,STOCK_A0363,超高清视频产业,超高清视频产业,超高清视频产业 主题
A0373,STOCK_A0373,超高清视频产业,超高清视频产业,超高清视频产业 主题
A0383,STOCK_A0383,超高清视频产业,超高清视频产业,超高清视频产业 主题
A0393,STOCK_A0393,超高清视频产业,超高清视频产业,超高清视频产业 主题
A0403,STOCK_A0403,超高清视频产业,超高清视频产业,超高清视频产业 主题
A0413,STOCK_A0413,超高清视频产业,超高清视频产业,超高清视频产业 主题
A0423,STOCK_A0423,超高清视频产业,超高清视频产业,超高清视频产业 主题
A0433,STOCK_A0433,超高清视频产业,超高清视频产业,超高清视频产业 主题
A0443,STOCK_A0443,超高清视频产业,超高清视频产业,超高清视频产业 主题
A0453,STOCK_A0453,超高清视频产业,超高清视频产业,超高清视频产业 主题
A0463,STOCK_A0463,超高清视频产业,超高清视频产业,超高清视频产业 主题
A0473,STOCK_A0473,超高清视频产业,超高清视频产业,超高清视频产业 主题
A0483,STOCK_A0483,超高清视频产业,超高清视频产业,超高清视频产业 主题
A0493,STOCK_A0493,超高清视频产业,超高清视频产业,超高清视频产业 主题
