ticker,concept,industry,description
000969,中芯概念,中芯概念,eastmoney_concept
002046,中芯概念,中芯概念,eastmoney_concept
002129,中芯概念,中芯概念,eastmoney_concept
002371,中芯概念,中芯概念,eastmoney_concept
002409,中芯概念,中芯概念,eastmoney_concept
002967,中芯概念,中芯概念,eastmoney_concept
300054,中芯概念,中芯概念,eastmoney_concept
300236,中芯概念,中芯概念,eastmoney_concept
300331,中芯概念,中芯概念,eastmoney_concept
300346,中芯概念,中芯概念,eastmoney_concept
300373,中芯概念,中芯概念,eastmoney_concept
300390,中芯概念,中芯概念,eastmoney_concept
300398,中芯概念,中芯概念,eastmoney_concept
300416,中芯概念,中芯概念,eastmoney_concept
300458,中芯概念,中芯概念,eastmoney_concept
300567,中芯概念,中芯概念,eastmoney_concept
300623,中芯概念,中芯概念,eastmoney_concept
300655,中芯概念,中芯概念,eastmoney_concept
300666,中芯概念,中芯概念,eastmoney_concept
300842,中芯概念,中芯概念,eastmoney_concept
301322,中芯概念,中芯概念,eastmoney_concept
600120,中芯概念,中芯概念,eastmoney_concept
600141,中芯概念,中芯概念,eastmoney_concept
600160,中芯概念,中芯概念,eastmoney_concept
600198,中芯概念,中芯概念,eastmoney_concept
600206,中芯概念,中芯概念,eastmoney_concept
600378,中芯概念,中芯概念,eastmoney_concept
600584,中芯概念,中芯概念,eastmoney_concept
000157,人形机器人,人形机器人,eastmoney_concept
000333,人形机器人,人形机器人,eastmoney_concept
000559,人形机器人,人形机器人,eastmoney_concept
000625,人形机器人,人形机器人,eastmoney_concept
000700,人形机器人,人形机器人,eastmoney_concept
000837,人形机器人,人形机器人,eastmoney_concept
000887,人形机器人,人形机器人,eastmoney_concept
001208,人形机器人,人形机器人,eastmoney_concept
001283,人形机器人,人形机器人,eastmoney_concept
001306,人形机器人,人形机器人,eastmoney_concept
001319,人形机器人,人形机器人,eastmoney_concept
001339,人形机器人,人形机器人,eastmoney_concept
002006,人形机器人,人形机器人,eastmoney_concept
002009,人形机器人,人形机器人,eastmoney_concept
002031,人形机器人,人形机器人,eastmoney_concept
002036,人形机器人,人形机器人,eastmoney_concept
002048,人形机器人,人形机器人,eastmoney_concept
002057,人形机器人,人形机器人,eastmoney_concept
002079,人形机器人,人形机器人,eastmoney_concept
002117,人形机器人,人形机器人,eastmoney_concept
002126,人形机器人,人形机器人,eastmoney_concept
002139,人形机器人,人形机器人,eastmoney_concept
002176,人形机器人,人形机器人,eastmoney_concept
002180,人形机器人,人形机器人,eastmoney_concept
002230,人形机器人,人形机器人,eastmoney_concept
002245,人形机器人,人形机器人,eastmoney_concept
002249,人形机器人,人形机器人,eastmoney_concept
002273,人形机器人,人形机器人,eastmoney_concept
002276,人形机器人,人形机器人,eastmoney_concept
002354,人形机器人,人形机器人,eastmoney_concept
002420,人形机器人,人形机器人,eastmoney_concept
002434,人形机器人,人形机器人,eastmoney_concept
002456,人形机器人,人形机器人,eastmoney_concept
002460,人形机器人,人形机器人,eastmoney_concept
002527,人形机器人,人形机器人,eastmoney_concept
002579,人形机器人,人形机器人,eastmoney_concept
002600,人形机器人,人形机器人,eastmoney_concept
002611,人形机器人,人形机器人,eastmoney_concept
002625,人形机器人,人形机器人,eastmoney_concept
002664,人形机器人,人形机器人,eastmoney_concept
002681,人形机器人,人形机器人,eastmoney_concept
002698,人形机器人,人形机器人,eastmoney_concept
002708,人形机器人,人形机器人,eastmoney_concept
002747,人形机器人,人形机器人,eastmoney_concept
002779,人形机器人,人形机器人,eastmoney_concept
002801,人形机器人,人形机器人,eastmoney_concept
002850,人形机器人,人形机器人,eastmoney_concept
002870,人形机器人,人形机器人,eastmoney_concept
002881,人形机器人,人形机器人,eastmoney_concept
002886,人形机器人,人形机器人,eastmoney_concept
002896,人形机器人,人形机器人,eastmoney_concept
002933,人形机器人,人形机器人,eastmoney_concept
002965,人形机器人,人形机器人,eastmoney_concept
002975,人形机器人,人形机器人,eastmoney_concept
002979,人形机器人,人形机器人,eastmoney_concept
002990,人形机器人,人形机器人,eastmoney_concept
003021,人形机器人,人形机器人,eastmoney_concept
003033,人形机器人,人形机器人,eastmoney_concept
300007,人形机器人,人形机器人,eastmoney_concept
300024,人形机器人,人形机器人,eastmoney_concept
300031,人形机器人,人形机器人,eastmoney_concept
300083,人形机器人,人形机器人,eastmoney_concept
300095,人形机器人,人形机器人,eastmoney_concept
300100,人形机器人,人形机器人,eastmoney_concept
300115,人形机器人,人形机器人,eastmoney_concept
300124,人形机器人,人形机器人,eastmoney_concept
300224,人形机器人,人形机器人,eastmoney_concept
300258,人形机器人,人形机器人,eastmoney_concept
300278,人形机器人,人形机器人,eastmoney_concept
300296,人形机器人,人形机器人,eastmoney_concept
300328,人形机器人,人形机器人,eastmoney_concept
300354,人形机器人,人形机器人,eastmoney_concept
300382,人形机器人,人形机器人,eastmoney_concept
300403,人形机器人,人形机器人,eastmoney_concept
300409,人形机器人,人形机器人,eastmoney_concept
300421,人形机器人,人形机器人,eastmoney_concept
300428,人形机器人,人形机器人,eastmoney_concept
300432,人形机器人,人形机器人,eastmoney_concept
300433,人形机器人,人形机器人,eastmoney_concept
300476,人形机器人,人形机器人,eastmoney_concept
300503,人形机器人,人形机器人,eastmoney_concept
300580,人形机器人,人形机器人,eastmoney_concept
300602,人形机器人,人形机器人,eastmoney_concept
300607,人形机器人,人形机器人,eastmoney_concept
300611,人形机器人,人形机器人,eastmoney_concept
300632,人形机器人,人形机器人,eastmoney_concept
300644,人形机器人,人形机器人,eastmoney_concept
300652,人形机器人,人形机器人,eastmoney_concept
300660,人形机器人,人形机器人,eastmoney_concept
300680,人形机器人,人形机器人,eastmoney_concept
300695,人形机器人,人形机器人,eastmoney_concept
300748,人形机器人,人形机器人,eastmoney_concept
300815,人形机器人,人形机器人,eastmoney_concept
300843,人形机器人,人形机器人,eastmoney_concept
300852,人形机器人,人形机器人,eastmoney_concept
300887,人形机器人,人形机器人,eastmoney_concept
300894,人形机器人,人形机器人,eastmoney_concept
300900,人形机器人,人形机器人,eastmoney_concept
300912,人形机器人,人形机器人,eastmoney_concept
300918,人形机器人,人形机器人,eastmoney_concept
300953,人形机器人,人形机器人,eastmoney_concept
300964,人形机器人,人形机器人,eastmoney_concept
300995,人形机器人,人形机器人,eastmoney_concept
301000,人形机器人,人形机器人,eastmoney_concept
301005,人形机器人,人形机器人,eastmoney_concept
301008,人形机器人,人形机器人,eastmoney_concept
301013,人形机器人,人形机器人,eastmoney_concept
301023,人形机器人,人形机器人,eastmoney_concept
301029,人形机器人,人形机器人,eastmoney_concept
301099,人形机器人,人形机器人,eastmoney_concept
301128,人形机器人,人形机器人,eastmoney_concept
301210,人形机器人,人形机器人,eastmoney_concept
301216,人形机器人,人形机器人,eastmoney_concept
301226,人形机器人,人形机器人,eastmoney_concept
301236,人形机器人,人形机器人,eastmoney_concept
301260,人形机器人,人形机器人,eastmoney_concept
301261,人形机器人,人形机器人,eastmoney_concept
301280,人形机器人,人形机器人,eastmoney_concept
301310,人形机器人,人形机器人,eastmoney_concept
301328,人形机器人,人形机器人,eastmoney_concept
301345,人形机器人,人形机器人,eastmoney_concept
301368,人形机器人,人形机器人,eastmoney_concept
301413,人形机器人,人形机器人,eastmoney_concept
301419,人形机器人,人形机器人,eastmoney_concept
301487,人形机器人,人形机器人,eastmoney_concept
301488,人形机器人,人形机器人,eastmoney_concept
301525,人形机器人,人形机器人,eastmoney_concept
301538,人形机器人,人形机器人,eastmoney_concept
301550,人形机器人,人形机器人,eastmoney_concept
301603,人形机器人,人形机器人,eastmoney_concept
301622,人形机器人,人形机器人,eastmoney_concept
302132,人形机器人,人形机器人,eastmoney_concept
600053,人形机器人,人形机器人,eastmoney_concept
600366,人形机器人,人形机器人,eastmoney_concept
600580,人形机器人,人形机器人,eastmoney_concept
600592,人形机器人,人形机器人,eastmoney_concept
600673,人形机器人,人形机器人,eastmoney_concept
600699,人形机器人,人形机器人,eastmoney_concept
600845,人形机器人,人形机器人,eastmoney_concept
600869,人形机器人,人形机器人,eastmoney_concept
600889,人形机器人,人形机器人,eastmoney_concept
600967,人形机器人,人形机器人,eastmoney_concept
000026,减速器,减速器,eastmoney_concept
000551,减速器,减速器,eastmoney_concept
000601,减速器,减速器,eastmoney_concept
000678,减速器,减速器,eastmoney_concept
000795,减速器,减速器,eastmoney_concept
000837,减速器,减速器,eastmoney_concept
000887,减速器,减速器,eastmoney_concept
000981,减速器,减速器,eastmoney_concept
001282,减速器,减速器,eastmoney_concept
001306,减速器,减速器,eastmoney_concept
001400,减速器,减速器,eastmoney_concept
002031,减速器,减速器,eastmoney_concept
002164,减速器,减速器,eastmoney_concept
002184,减速器,减速器,eastmoney_concept
002265,减速器,减速器,eastmoney_concept
002403,减速器,减速器,eastmoney_concept
002434,减速器,减速器,eastmoney_concept
002472,减速器,减速器,eastmoney_concept
002520,减速器,减速器,eastmoney_concept
002526,减速器,减速器,eastmoney_concept
002527,减速器,减速器,eastmoney_concept
002553,减速器,减速器,eastmoney_concept
002600,减速器,减速器,eastmoney_concept
002708,减速器,减速器,eastmoney_concept
002765,减速器,减速器,eastmoney_concept
002833,减速器,减速器,eastmoney_concept
002896,减速器,减速器,eastmoney_concept
002903,减速器,减速器,eastmoney_concept
002921,减速器,减速器,eastmoney_concept
003021,减速器,减速器,eastmoney_concept
300115,减速器,减速器,eastmoney_concept
300198,减速器,减速器,eastmoney_concept
300258,减速器,减速器,eastmoney_concept
300403,减速器,减速器,eastmoney_concept
300432,减速器,减速器,eastmoney_concept
300433,减速器,减速器,eastmoney_concept
300488,减速器,减速器,eastmoney_concept
300503,减速器,减速器,eastmoney_concept
300539,减速器,减速器,eastmoney_concept
300549,减速器,减速器,eastmoney_concept
300680,减速器,减速器,eastmoney_concept
300709,减速器,减速器,eastmoney_concept
300780,减速器,减速器,eastmoney_concept
300817,减速器,减速器,eastmoney_concept
300825,减速器,减速器,eastmoney_concept
300879,减速器,减速器,eastmoney_concept
300904,减速器,减速器,eastmoney_concept
301023,减速器,减速器,eastmoney_concept
301229,减速器,减速器,eastmoney_concept
301255,减速器,减速器,eastmoney_concept
301261,减速器,减速器,eastmoney_concept
301279,减速器,减速器,eastmoney_concept
301368,减速器,减速器,eastmoney_concept
301398,减速器,减速器,eastmoney_concept
301459,减速器,减速器,eastmoney_concept
301550,减速器,减速器,eastmoney_concept
301596,减速器,减速器,eastmoney_concept
600081,减速器,减速器,eastmoney_concept
600218,减速器,减速器,eastmoney_concept
600835,减速器,减速器,eastmoney_concept
000016,半导体概念,半导体概念,eastmoney_concept
000021,半导体概念,半导体概念,eastmoney_concept
000056,半导体概念,半导体概念,eastmoney_concept
000062,半导体概念,半导体概念,eastmoney_concept
000100,半导体概念,半导体概念,eastmoney_concept
000519,半导体概念,半导体概念,eastmoney_concept
000551,半导体概念,半导体概念,eastmoney_concept
000576,半导体概念,半导体概念,eastmoney_concept
000670,半导体概念,半导体概念,eastmoney_concept
000733,半导体概念,半导体概念,eastmoney_concept
000818,半导体概念,半导体概念,eastmoney_concept
000925,半导体概念,半导体概念,eastmoney_concept
000962,半导体概念,半导体概念,eastmoney_concept
000969,半导体概念,半导体概念,eastmoney_concept
000981,半导体概念,半导体概念,eastmoney_concept
000988,半导体概念,半导体概念,eastmoney_concept
001212,半导体概念,半导体概念,eastmoney_concept
001269,半导体概念,半导体概念,eastmoney_concept
001309,半导体概念,半导体概念,eastmoney_concept
002008,半导体概念,半导体概念,eastmoney_concept
002023,半导体概念,半导体概念,eastmoney_concept
002028,半导体概念,半导体概念,eastmoney_concept
002046,半导体概念,半导体概念,eastmoney_concept
002049,半导体概念,半导体概念,eastmoney_concept
002077,半导体概念,半导体概念,eastmoney_concept
002079,半导体概念,半导体概念,eastmoney_concept
002081,半导体概念,半导体概念,eastmoney_concept
002119,半导体概念,半导体概念,eastmoney_concept
002129,半导体概念,半导体概念,eastmoney_concept
002137,半导体概念,半导体概念,eastmoney_concept
002139,半导体概念,半导体概念,eastmoney_concept
002156,半导体概念,半导体概念,eastmoney_concept
002158,半导体概念,半导体概念,eastmoney_concept
002169,半导体概念,半导体概念,eastmoney_concept
002171,半导体概念,半导体概念,eastmoney_concept
002180,半导体概念,半导体概念,eastmoney_concept
002183,半导体概念,半导体概念,eastmoney_concept
002185,半导体概念,半导体概念,eastmoney_concept
002213,半导体概念,半导体概念,eastmoney_concept
002243,半导体概念,半导体概念,eastmoney_concept
002334,半导体概念,半导体概念,eastmoney_concept
002346,半导体概念,半导体概念,eastmoney_concept
002371,半导体概念,半导体概念,eastmoney_concept
002402,半导体概念,半导体概念,eastmoney_concept
002407,半导体概念,半导体概念,eastmoney_concept
002409,半导体概念,半导体概念,eastmoney_concept
002414,半导体概念,半导体概念,eastmoney_concept
002428,半导体概念,半导体概念,eastmoney_concept
002429,半导体概念,半导体概念,eastmoney_concept
002430,半导体概念,半导体概念,eastmoney_concept
002436,半导体概念,半导体概念,eastmoney_concept
002449,半导体概念,半导体概念,eastmoney_concept
002456,半导体概念,半导体概念,eastmoney_concept
002478,半导体概念,半导体概念,eastmoney_concept
002506,半导体概念,半导体概念,eastmoney_concept
002516,半导体概念,半导体概念,eastmoney_concept
002559,半导体概念,半导体概念,eastmoney_concept
002579,半导体概念,半导体概念,eastmoney_concept
002594,半导体概念,半导体概念,eastmoney_concept
002617,半导体概念,半导体概念,eastmoney_concept
002655,半导体概念,半导体概念,eastmoney_concept
002669,半导体概念,半导体概念,eastmoney_concept
002685,半导体概念,半导体概念,eastmoney_concept
002692,半导体概念,半导体概念,eastmoney_concept
002725,半导体概念,半导体概念,eastmoney_concept
002745,半导体概念,半导体概念,eastmoney_concept
002787,半导体概念,半导体概念,eastmoney_concept
002845,半导体概念,半导体概念,eastmoney_concept
002886,半导体概念,半导体概念,eastmoney_concept
002902,半导体概念,半导体概念,eastmoney_concept
002903,半导体概念,半导体概念,eastmoney_concept
002938,半导体概念,半导体概念,eastmoney_concept
002943,半导体概念,半导体概念,eastmoney_concept
002975,半导体概念,半导体概念,eastmoney_concept
002983,半导体概念,半导体概念,eastmoney_concept
003009,半导体概念,半导体概念,eastmoney_concept
003017,半导体概念,半导体概念,eastmoney_concept
003026,半导体概念,半导体概念,eastmoney_concept
003031,半导体概念,半导体概念,eastmoney_concept
003043,半导体概念,半导体概念,eastmoney_concept
300024,半导体概念,半导体概念,eastmoney_concept
300037,半导体概念,半导体概念,eastmoney_concept
300041,半导体概念,半导体概念,eastmoney_concept
300045,半导体概念,半导体概念,eastmoney_concept
300046,半导体概念,半导体概念,eastmoney_concept
300053,半导体概念,半导体概念,eastmoney_concept
300054,半导体概念,半导体概念,eastmoney_concept
300077,半导体概念,半导体概念,eastmoney_concept
300102,半导体概念,半导体概念,eastmoney_concept
300120,半导体概念,半导体概念,eastmoney_concept
300123,半导体概念,半导体概念,eastmoney_concept
300131,半导体概念,半导体概念,eastmoney_concept
300139,半导体概念,半导体概念,eastmoney_concept
300151,半导体概念,半导体概念,eastmoney_concept
300179,半导体概念,半导体概念,eastmoney_concept
300183,半导体概念,半导体概念,eastmoney_concept
300184,半导体概念,半导体概念,eastmoney_concept
300219,半导体概念,半导体概念,eastmoney_concept
300223,半导体概念,半导体概念,eastmoney_concept
300236,半导体概念,半导体概念,eastmoney_concept
300260,半导体概念,半导体概念,eastmoney_concept
300263,半导体概念,半导体概念,eastmoney_concept
300283,半导体概念,半导体概念,eastmoney_concept
300287,半导体概念,半导体概念,eastmoney_concept
300296,半导体概念,半导体概念,eastmoney_concept
300303,半导体概念,半导体概念,eastmoney_concept
300304,半导体概念,半导体概念,eastmoney_concept
300316,半导体概念,半导体概念,eastmoney_concept
300322,半导体概念,半导体概念,eastmoney_concept
300323,半导体概念,半导体概念,eastmoney_concept
300327,半导体概念,半导体概念,eastmoney_concept
300331,半导体概念,半导体概念,eastmoney_concept
300346,半导体概念,半导体概念,eastmoney_concept
300353,半导体概念,半导体概念,eastmoney_concept
300373,半导体概念,半导体概念,eastmoney_concept
300376,半导体概念,半导体概念,eastmoney_concept
300378,半导体概念,半导体概念,eastmoney_concept
300390,半导体概念,半导体概念,eastmoney_concept
300395,半导体概念,半导体概念,eastmoney_concept
300398,半导体概念,半导体概念,eastmoney_concept
300400,半导体概念,半导体概念,eastmoney_concept
300405,半导体概念,半导体概念,eastmoney_concept
300410,半导体概念,半导体概念,eastmoney_concept
300429,半导体概念,半导体概念,eastmoney_concept
300456,半导体概念,半导体概念,eastmoney_concept
300458,半导体概念,半导体概念,eastmoney_concept
300474,半导体概念,半导体概念,eastmoney_concept
300475,半导体概念,半导体概念,eastmoney_concept
300480,半导体概念,半导体概念,eastmoney_concept
300493,半导体概念,半导体概念,eastmoney_concept
300545,半导体概念,半导体概念,eastmoney_concept
300554,半导体概念,半导体概念,eastmoney_concept
300567,半导体概念,半导体概念,eastmoney_concept
300568,半导体概念,半导体概念,eastmoney_concept
300576,半导体概念,半导体概念,eastmoney_concept
300586,半导体概念,半导体概念,eastmoney_concept
300604,半导体概念,半导体概念,eastmoney_concept
300613,半导体概念,半导体概念,eastmoney_concept
300623,半导体概念,半导体概念,eastmoney_concept
300650,半导体概念,半导体概念,eastmoney_concept
300655,半导体概念,半导体概念,eastmoney_concept
300656,半导体概念,半导体概念,eastmoney_concept
300661,半导体概念,半导体概念,eastmoney_concept
300665,半导体概念,半导体概念,eastmoney_concept
300666,半导体概念,半导体概念,eastmoney_concept
300670,半导体概念,半导体概念,eastmoney_concept
300671,半导体概念,半导体概念,eastmoney_concept
300672,半导体概念,半导体概念,eastmoney_concept
300689,半导体概念,半导体概念,eastmoney_concept
300700,半导体概念,半导体概念,eastmoney_concept
300706,半导体概念,半导体概念,eastmoney_concept
300708,半导体概念,半导体概念,eastmoney_concept
300715,半导体概念,半导体概念,eastmoney_concept
300724,半导体概念,半导体概念,eastmoney_concept
300726,半导体概念,半导体概念,eastmoney_concept
300739,半导体概念,半导体概念,eastmoney_concept
300751,半导体概念,半导体概念,eastmoney_concept
300757,半导体概念,半导体概念,eastmoney_concept
300782,半导体概念,半导体概念,eastmoney_concept
300786,半导体概念,半导体概念,eastmoney_concept
300801,半导体概念,半导体概念,eastmoney_concept
300802,半导体概念,半导体概念,eastmoney_concept
300812,半导体概念,半导体概念,eastmoney_concept
300814,半导体概念,半导体概念,eastmoney_concept
300820,半导体概念,半导体概念,eastmoney_concept
300831,半导体概念,半导体概念,eastmoney_concept
300903,半导体概念,半导体概念,eastmoney_concept
300936,半导体概念,半导体概念,eastmoney_concept
301013,半导体概念,半导体概念,eastmoney_concept
301021,半导体概念,半导体概念,eastmoney_concept
301028,半导体概念,半导体概念,eastmoney_concept
301071,半导体概念,半导体概念,eastmoney_concept
301099,半导体概念,半导体概念,eastmoney_concept
301128,半导体概念,半导体概念,eastmoney_concept
301129,半导体概念,半导体概念,eastmoney_concept
301161,半导体概念,半导体概念,eastmoney_concept
301256,半导体概念,半导体概念,eastmoney_concept
301297,半导体概念,半导体概念,eastmoney_concept
301307,半导体概念,半导体概念,eastmoney_concept
301308,半导体概念,半导体概念,eastmoney_concept
301312,半导体概念,半导体概念,eastmoney_concept
301322,半导体概念,半导体概念,eastmoney_concept
301338,半导体概念,半导体概念,eastmoney_concept
301348,半导体概念,半导体概念,eastmoney_concept
301369,半导体概念,半导体概念,eastmoney_concept
301449,半导体概念,半导体概念,eastmoney_concept
301522,半导体概念,半导体概念,eastmoney_concept
301536,半导体概念,半导体概念,eastmoney_concept
301566,半导体概念,半导体概念,eastmoney_concept
301568,半导体概念,半导体概念,eastmoney_concept
301571,半导体概念,半导体概念,eastmoney_concept
301581,半导体概念,半导体概念,eastmoney_concept
301611,半导体概念,半导体概念,eastmoney_concept
301628,半导体概念,半导体概念,eastmoney_concept
301629,半导体概念,半导体概念,eastmoney_concept
301678,半导体概念,半导体概念,eastmoney_concept
600104,半导体概念,半导体概念,eastmoney_concept
600141,半导体概念,半导体概念,eastmoney_concept
600160,半导体概念,半导体概念,eastmoney_concept
600171,半导体概念,半导体概念,eastmoney_concept
600198,半导体概念,半导体概念,eastmoney_concept
600206,半导体概念,半导体概念,eastmoney_concept
600207,半导体概念,半导体概念,eastmoney_concept
600330,半导体概念,半导体概念,eastmoney_concept
600360,半导体概念,半导体概念,eastmoney_concept
600406,半导体概念,半导体概念,eastmoney_concept
600438,半导体概念,半导体概念,eastmoney_concept
600459,半导体概念,半导体概念,eastmoney_concept
600460,半导体概念,半导体概念,eastmoney_concept
600520,半导体概念,半导体概念,eastmoney_concept
600522,半导体概念,半导体概念,eastmoney_concept
600531,半导体概念,半导体概念,eastmoney_concept
600552,半导体概念,半导体概念,eastmoney_concept
600584,半导体概念,半导体概念,eastmoney_concept
600605,半导体概念,半导体概念,eastmoney_concept
600623,半导体概念,半导体概念,eastmoney_concept
600641,半导体概念,半导体概念,eastmoney_concept
600658,半导体概念,半导体概念,eastmoney_concept
600667,半导体概念,半导体概念,eastmoney_concept
600703,半导体概念,半导体概念,eastmoney_concept
600704,半导体概念,半导体概念,eastmoney_concept
600745,半导体概念,半导体概念,eastmoney_concept
600770,半导体概念,半导体概念,eastmoney_concept
600877,半导体概念,半导体概念,eastmoney_concept
600895,半导体概念,半导体概念,eastmoney_concept
601026,半导体概念,半导体概念,eastmoney_concept
601133,半导体概念,半导体概念,eastmoney_concept
601137,半导体概念,半导体概念,eastmoney_concept
601208,半导体概念,半导体概念,eastmoney_concept
000016,存储芯片,存储芯片,eastmoney_concept
000021,存储芯片,存储芯片,eastmoney_concept
000034,存储芯片,存储芯片,eastmoney_concept
000620,存储芯片,存储芯片,eastmoney_concept
000670,存储芯片,存储芯片,eastmoney_concept
000818,存储芯片,存储芯片,eastmoney_concept
001287,存储芯片,存储芯片,eastmoney_concept
001298,存储芯片,存储芯片,eastmoney_concept
001309,存储芯片,存储芯片,eastmoney_concept
002049,存储芯片,存储芯片,eastmoney_concept
002077,存储芯片,存储芯片,eastmoney_concept
002119,存储芯片,存储芯片,eastmoney_concept
002156,存储芯片,存储芯片,eastmoney_concept
002183,存储芯片,存储芯片,eastmoney_concept
002185,存储芯片,存储芯片,eastmoney_concept
002213,存储芯片,存储芯片,eastmoney_concept
002409,存储芯片,存储芯片,eastmoney_concept
002413,存储芯片,存储芯片,eastmoney_concept
002559,存储芯片,存储芯片,eastmoney_concept
002579,存储芯片,存储芯片,eastmoney_concept
002654,存储芯片,存储芯片,eastmoney_concept
002935,存储芯片,存储芯片,eastmoney_concept
300042,存储芯片,存储芯片,eastmoney_concept
300053,存储芯片,存储芯片,eastmoney_concept
300131,存储芯片,存储芯片,eastmoney_concept
300184,存储芯片,存储芯片,eastmoney_concept
300223,存储芯片,存储芯片,eastmoney_concept
300236,存储芯片,存储芯片,eastmoney_concept
300302,存储芯片,存储芯片,eastmoney_concept
300398,存储芯片,存储芯片,eastmoney_concept
300455,存储芯片,存储芯片,eastmoney_concept
300475,存储芯片,存储芯片,eastmoney_concept
300551,存储芯片,存储芯片,eastmoney_concept
300567,存储芯片,存储芯片,eastmoney_concept
300604,存储芯片,存储芯片,eastmoney_concept
300606,存储芯片,存储芯片,eastmoney_concept
300650,存储芯片,存储芯片,eastmoney_concept
300655,存储芯片,存储芯片,eastmoney_concept
300666,存储芯片,存储芯片,eastmoney_concept
300672,存储芯片,存储芯片,eastmoney_concept
300842,存储芯片,存储芯片,eastmoney_concept
300857,存储芯片,存储芯片,eastmoney_concept
300903,存储芯片,存储芯片,eastmoney_concept
300975,存储芯片,存储芯片,eastmoney_concept
301099,存储芯片,存储芯片,eastmoney_concept
301306,存储芯片,存储芯片,eastmoney_concept
301308,存储芯片,存储芯片,eastmoney_concept
301348,存储芯片,存储芯片,eastmoney_concept
301379,存储芯片,存储芯片,eastmoney_concept
301592,存储芯片,存储芯片,eastmoney_concept
600171,存储芯片,存储芯片,eastmoney_concept
600584,存储芯片,存储芯片,eastmoney_concept
600667,存储芯片,存储芯片,eastmoney_concept
000410,工业母机,工业母机,eastmoney_concept
000509,工业母机,工业母机,eastmoney_concept
000651,工业母机,工业母机,eastmoney_concept
000657,工业母机,工业母机,eastmoney_concept
000837,工业母机,工业母机,eastmoney_concept
000988,工业母机,工业母机,eastmoney_concept
002008,工业母机,工业母机,eastmoney_concept
002026,工业母机,工业母机,eastmoney_concept
002031,工业母机,工业母机,eastmoney_concept
002122,工业母机,工业母机,eastmoney_concept
002248,工业母机,工业母机,eastmoney_concept
002270,工业母机,工业母机,eastmoney_concept
002338,工业母机,工业母机,eastmoney_concept
002514,工业母机,工业母机,eastmoney_concept
002520,工业母机,工业母机,eastmoney_concept
002559,工业母机,工业母机,eastmoney_concept
002595,工业母机,工业母机,eastmoney_concept
002747,工业母机,工业母机,eastmoney_concept
002757,工业母机,工业母机,eastmoney_concept
002892,工业母机,工业母机,eastmoney_concept
002903,工业母机,工业母机,eastmoney_concept
002943,工业母机,工业母机,eastmoney_concept
003025,工业母机,工业母机,eastmoney_concept
300083,工业母机,工业母机,eastmoney_concept
300112,工业母机,工业母机,eastmoney_concept
300124,工业母机,工业母机,eastmoney_concept
300134,工业母机,工业母机,eastmoney_concept
300161,工业母机,工业母机,eastmoney_concept
300179,工业母机,工业母机,eastmoney_concept
300281,工业母机,工业母机,eastmoney_concept
300293,工业母机,工业母机,eastmoney_concept
300353,工业母机,工业母机,eastmoney_concept
300354,工业母机,工业母机,eastmoney_concept
300403,工业母机,工业母机,eastmoney_concept
300415,工业母机,工业母机,eastmoney_concept
300461,工业母机,工业母机,eastmoney_concept
300480,工业母机,工业母机,eastmoney_concept
300488,工业母机,工业母机,eastmoney_concept
300503,工业母机,工业母机,eastmoney_concept
300508,工业母机,工业母机,eastmoney_concept
300580,工业母机,工业母机,eastmoney_concept
300606,工业母机,工业母机,eastmoney_concept
300607,工业母机,工业母机,eastmoney_concept
300615,工业母机,工业母机,eastmoney_concept
300747,工业母机,工业母机,eastmoney_concept
300780,工业母机,工业母机,eastmoney_concept
300809,工业母机,工业母机,eastmoney_concept
300946,工业母机,工业母机,eastmoney_concept
300971,工业母机,工业母机,eastmoney_concept
300988,工业母机,工业母机,eastmoney_concept
301028,工业母机,工业母机,eastmoney_concept
301029,工业母机,工业母机,eastmoney_concept
301163,工业母机,工业母机,eastmoney_concept
301200,工业母机,工业母机,eastmoney_concept
301338,工业母机,工业母机,eastmoney_concept
301377,工业母机,工业母机,eastmoney_concept
301456,工业母机,工业母机,eastmoney_concept
301603,工业母机,工业母机,eastmoney_concept
600243,工业母机,工业母机,eastmoney_concept
600579,工业母机,工业母机,eastmoney_concept
600862,工业母机,工业母机,eastmoney_concept
600960,工业母机,工业母机,eastmoney_concept
000581,汽车芯片,汽车芯片,eastmoney_concept
000903,汽车芯片,汽车芯片,eastmoney_concept
002049,汽车芯片,汽车芯片,eastmoney_concept
002073,汽车芯片,汽车芯片,eastmoney_concept
002077,汽车芯片,汽车芯片,eastmoney_concept
002151,汽车芯片,汽车芯片,eastmoney_concept
002180,汽车芯片,汽车芯片,eastmoney_concept
002268,汽车芯片,汽车芯片,eastmoney_concept
002405,汽车芯片,汽车芯片,eastmoney_concept
002429,汽车芯片,汽车芯片,eastmoney_concept
300053,汽车芯片,汽车芯片,eastmoney_concept
300131,汽车芯片,汽车芯片,eastmoney_concept
300223,汽车芯片,汽车芯片,eastmoney_concept
300304,汽车芯片,汽车芯片,eastmoney_concept
300373,汽车芯片,汽车芯片,eastmoney_concept
300458,汽车芯片,汽车芯片,eastmoney_concept
300493,汽车芯片,汽车芯片,eastmoney_concept
300623,汽车芯片,汽车芯片,eastmoney_concept
300672,汽车芯片,汽车芯片,eastmoney_concept
300825,汽车芯片,汽车芯片,eastmoney_concept
301099,汽车芯片,汽车芯片,eastmoney_concept
301112,汽车芯片,汽车芯片,eastmoney_concept
301225,汽车芯片,汽车芯片,eastmoney_concept
600006,汽车芯片,汽车芯片,eastmoney_concept
600203,汽车芯片,汽车芯片,eastmoney_concept
600584,汽车芯片,汽车芯片,eastmoney_concept
600703,汽车芯片,汽车芯片,eastmoney_concept
600733,汽车芯片,汽车芯片,eastmoney_concept
600745,汽车芯片,汽车芯片,eastmoney_concept
000070,特高压,特高压,eastmoney_concept
000159,特高压,特高压,eastmoney_concept
000400,特高压,特高压,eastmoney_concept
000551,特高压,特高压,eastmoney_concept
000586,特高压,特高压,eastmoney_concept
000973,特高压,特高压,eastmoney_concept
001208,特高压,特高压,eastmoney_concept
001216,特高压,特高压,eastmoney_concept
001382,特高压,特高压,eastmoney_concept
001388,特高压,特高压,eastmoney_concept
002028,特高压,特高压,eastmoney_concept
002132,特高压,特高压,eastmoney_concept
002227,特高压,特高压,eastmoney_concept
002263,特高压,特高压,eastmoney_concept
002270,特高压,特高压,eastmoney_concept
002272,特高压,特高压,eastmoney_concept
002322,特高压,特高压,eastmoney_concept
002339,特高压,特高压,eastmoney_concept
002350,特高压,特高压,eastmoney_concept
002358,特高压,特高压,eastmoney_concept
002364,特高压,特高压,eastmoney_concept
002452,特高压,特高压,eastmoney_concept
002459,特高压,特高压,eastmoney_concept
002498,特高压,特高压,eastmoney_concept
002533,特高压,特高压,eastmoney_concept
002545,特高压,特高压,eastmoney_concept
002560,特高压,特高压,eastmoney_concept
002606,特高压,特高压,eastmoney_concept
003008,特高压,特高压,eastmoney_concept
300018,特高压,特高压,eastmoney_concept
300019,特高压,特高压,eastmoney_concept
300069,特高压,特高压,eastmoney_concept
300099,特高压,特高压,eastmoney_concept
300120,特高压,特高压,eastmoney_concept
300140,特高压,特高压,eastmoney_concept
300215,特高压,特高压,eastmoney_concept
300222,特高压,特高压,eastmoney_concept
300265,特高压,特高压,eastmoney_concept
300341,特高压,特高压,eastmoney_concept
300365,特高压,特高压,eastmoney_concept
300376,特高压,特高压,eastmoney_concept
300499,特高压,特高压,eastmoney_concept
300510,特高压,特高压,eastmoney_concept
300617,特高压,特高压,eastmoney_concept
300712,特高压,特高压,eastmoney_concept
300830,特高压,特高压,eastmoney_concept
300831,特高压,特高压,eastmoney_concept
300933,特高压,特高压,eastmoney_concept
301041,特高压,特高压,eastmoney_concept
301179,特高压,特高压,eastmoney_concept
600089,特高压,特高压,eastmoney_concept
600131,特高压,特高压,eastmoney_concept
600268,特高压,特高压,eastmoney_concept
600312,特高压,特高压,eastmoney_concept
600406,特高压,特高压,eastmoney_concept
600487,特高压,特高压,eastmoney_concept
600517,特高压,特高压,eastmoney_concept
600522,特高压,特高压,eastmoney_concept
600525,特高压,特高压,eastmoney_concept
600550,特高压,特高压,eastmoney_concept
600869,特高压,特高压,eastmoney_concept
600879,特高压,特高压,eastmoney_concept
601096,特高压,特高压,eastmoney_concept
601126,特高压,特高压,eastmoney_concept
601179,特高压,特高压,eastmoney_concept
601208,特高压,特高压,eastmoney_concept
000568,百元股,百元股,eastmoney_concept
000596,百元股,百元股,eastmoney_concept
000661,百元股,百元股,eastmoney_concept
000858,百元股,百元股,eastmoney_concept
001270,百元股,百元股,eastmoney_concept
001309,百元股,百元股,eastmoney_concept
001400,百元股,百元股,eastmoney_concept
002028,百元股,百元股,eastmoney_concept
002371,百元股,百元股,eastmoney_concept
002779,百元股,百元股,eastmoney_concept
002821,百元股,百元股,eastmoney_concept
002837,百元股,百元股,eastmoney_concept
002850,百元股,百元股,eastmoney_concept
002916,百元股,百元股,eastmoney_concept
002920,百元股,百元股,eastmoney_concept
003021,百元股,百元股,eastmoney_concept
300033,百元股,百元股,eastmoney_concept
300223,百元股,百元股,eastmoney_concept
300274,百元股,百元股,eastmoney_concept
300308,百元股,百元股,eastmoney_concept
300394,百元股,百元股,eastmoney_concept
300454,百元股,百元股,eastmoney_concept
300475,百元股,百元股,eastmoney_concept
300476,百元股,百元股,eastmoney_concept
300502,百元股,百元股,eastmoney_concept
300548,百元股,百元股,eastmoney_concept
300567,百元股,百元股,eastmoney_concept
300570,百元股,百元股,eastmoney_concept
300604,百元股,百元股,eastmoney_concept
300620,百元股,百元股,eastmoney_concept
300624,百元股,百元股,eastmoney_concept
300666,百元股,百元股,eastmoney_concept
300672,百元股,百元股,eastmoney_concept
300724,百元股,百元股,eastmoney_concept
300750,百元股,百元股,eastmoney_concept
300751,百元股,百元股,eastmoney_concept
300757,百元股,百元股,eastmoney_concept
300760,百元股,百元股,eastmoney_concept
300779,百元股,百元股,eastmoney_concept
300803,百元股,百元股,eastmoney_concept
300857,百元股,百元股,eastmoney_concept
300866,百元股,百元股,eastmoney_concept
300870,百元股,百元股,eastmoney_concept
300896,百元股,百元股,eastmoney_concept
300953,百元股,百元股,eastmoney_concept
300959,百元股,百元股,eastmoney_concept
300969,百元股,百元股,eastmoney_concept
300972,百元股,百元股,eastmoney_concept
301005,百元股,百元股,eastmoney_concept
301031,百元股,百元股,eastmoney_concept
301086,百元股,百元股,eastmoney_concept
301183,百元股,百元股,eastmoney_concept
301191,百元股,百元股,eastmoney_concept
301200,百元股,百元股,eastmoney_concept
301205,百元股,百元股,eastmoney_concept
301209,百元股,百元股,eastmoney_concept
301225,百元股,百元股,eastmoney_concept
301232,百元股,百元股,eastmoney_concept
301269,百元股,百元股,eastmoney_concept
301306,百元股,百元股,eastmoney_concept
301308,百元股,百元股,eastmoney_concept
301326,百元股,百元股,eastmoney_concept
301345,百元股,百元股,eastmoney_concept
301357,百元股,百元股,eastmoney_concept
301369,百元股,百元股,eastmoney_concept
301377,百元股,百元股,eastmoney_concept
301392,百元股,百元股,eastmoney_concept
301413,百元股,百元股,eastmoney_concept
301421,百元股,百元股,eastmoney_concept
301486,百元股,百元股,eastmoney_concept
301488,百元股,百元股,eastmoney_concept
301489,百元股,百元股,eastmoney_concept
301529,百元股,百元股,eastmoney_concept
301550,百元股,百元股,eastmoney_concept
301556,百元股,百元股,eastmoney_concept
301557,百元股,百元股,eastmoney_concept
301563,百元股,百元股,eastmoney_concept
301589,百元股,百元股,eastmoney_concept
301590,百元股,百元股,eastmoney_concept
301592,百元股,百元股,eastmoney_concept
301600,百元股,百元股,eastmoney_concept
301611,百元股,百元股,eastmoney_concept
301626,百元股,百元股,eastmoney_concept
301629,百元股,百元股,eastmoney_concept
301630,百元股,百元股,eastmoney_concept
301631,百元股,百元股,eastmoney_concept
301662,百元股,百元股,eastmoney_concept
600118,百元股,百元股,eastmoney_concept
600436,百元股,百元股,eastmoney_concept
600519,百元股,百元股,eastmoney_concept
600563,百元股,百元股,eastmoney_concept
600809,百元股,百元股,eastmoney_concept
601100,百元股,百元股,eastmoney_concept
601127,百元股,百元股,eastmoney_concept
000016,第三代半导体,第三代半导体,eastmoney_concept
000021,第三代半导体,第三代半导体,eastmoney_concept
000062,第三代半导体,第三代半导体,eastmoney_concept
000547,第三代半导体,第三代半导体,eastmoney_concept
000576,第三代半导体,第三代半导体,eastmoney_concept
000969,第三代半导体,第三代半导体,eastmoney_concept
001270,第三代半导体,第三代半导体,eastmoney_concept
002008,第三代半导体,第三代半导体,eastmoney_concept
002023,第三代半导体,第三代半导体,eastmoney_concept
002055,第三代半导体,第三代半导体,eastmoney_concept
002079,第三代半导体,第三代半导体,eastmoney_concept
002081,第三代半导体,第三代半导体,eastmoney_concept
002131,第三代半导体,第三代半导体,eastmoney_concept
002156,第三代半导体,第三代半导体,eastmoney_concept
002169,第三代半导体,第三代半导体,eastmoney_concept
002171,第三代半导体,第三代半导体,eastmoney_concept
002255,第三代半导体,第三代半导体,eastmoney_concept
002364,第三代半导体,第三代半导体,eastmoney_concept
002371,第三代半导体,第三代半导体,eastmoney_concept
002402,第三代半导体,第三代半导体,eastmoney_concept
002428,第三代半导体,第三代半导体,eastmoney_concept
002429,第三代半导体,第三代半导体,eastmoney_concept
002449,第三代半导体,第三代半导体,eastmoney_concept
002617,第三代半导体,第三代半导体,eastmoney_concept
002660,第三代半导体,第三代半导体,eastmoney_concept
002851,第三代半导体,第三代半导体,eastmoney_concept
002885,第三代半导体,第三代半导体,eastmoney_concept
002902,第三代半导体,第三代半导体,eastmoney_concept
002977,第三代半导体,第三代半导体,eastmoney_concept
002993,第三代半导体,第三代半导体,eastmoney_concept
003009,第三代半导体,第三代半导体,eastmoney_concept
003031,第三代半导体,第三代半导体,eastmoney_concept
300046,第三代半导体,第三代半导体,eastmoney_concept
300102,第三代半导体,第三代半导体,eastmoney_concept
300123,第三代半导体,第三代半导体,eastmoney_concept
300131,第三代半导体,第三代半导体,eastmoney_concept
300207,第三代半导体,第三代半导体,eastmoney_concept
300232,第三代半导体,第三代半导体,eastmoney_concept
300283,第三代半导体,第三代半导体,eastmoney_concept
300296,第三代半导体,第三代半导体,eastmoney_concept
300316,第三代半导体,第三代半导体,eastmoney_concept
300323,第三代半导体,第三代半导体,eastmoney_concept
300373,第三代半导体,第三代半导体,eastmoney_concept
300376,第三代半导体,第三代半导体,eastmoney_concept
300456,第三代半导体,第三代半导体,eastmoney_concept
300464,第三代半导体,第三代半导体,eastmoney_concept
300489,第三代半导体,第三代半导体,eastmoney_concept
300554,第三代半导体,第三代半导体,eastmoney_concept
300623,第三代半导体,第三代半导体,eastmoney_concept
300632,第三代半导体,第三代半导体,eastmoney_concept
300656,第三代半导体,第三代半导体,eastmoney_concept
300666,第三代半导体,第三代半导体,eastmoney_concept
300671,第三代半导体,第三代半导体,eastmoney_concept
300672,第三代半导体,第三代半导体,eastmoney_concept
300700,第三代半导体,第三代半导体,eastmoney_concept
300708,第三代半导体,第三代半导体,eastmoney_concept
300731,第三代半导体,第三代半导体,eastmoney_concept
300745,第三代半导体,第三代半导体,eastmoney_concept
300787,第三代半导体,第三代半导体,eastmoney_concept
300812,第三代半导体,第三代半导体,eastmoney_concept
300820,第三代半导体,第三代半导体,eastmoney_concept
300870,第三代半导体,第三代半导体,eastmoney_concept
301021,第三代半导体,第三代半导体,eastmoney_concept
301129,第三代半导体,第三代半导体,eastmoney_concept
301348,第三代半导体,第三代半导体,eastmoney_concept
301369,第三代半导体,第三代半导体,eastmoney_concept
301607,第三代半导体,第三代半导体,eastmoney_concept
600171,第三代半导体,第三代半导体,eastmoney_concept
600353,第三代半导体,第三代半导体,eastmoney_concept
600360,第三代半导体,第三代半导体,eastmoney_concept
600460,第三代半导体,第三代半导体,eastmoney_concept
600481,第三代半导体,第三代半导体,eastmoney_concept
600509,第三代半导体,第三代半导体,eastmoney_concept
600703,第三代半导体,第三代半导体,eastmoney_concept
600745,第三代半导体,第三代半导体,eastmoney_concept
